region,grade,score,participants
Воронеж,5,0,6
Воронеж,5,1,13
Воронеж,5,2,16
Воронеж,5,3,16
Воронеж,5,4,11
Воронеж,5,5,17
Воронеж,5,6,9
Воронеж,5,7,9
Воронеж,5,8,9
Воронеж,5,9,1
Воронеж,5,10,3
Воронеж,5,11,2
Воронеж,6,0,3
Воронеж,6,1,7
Воронеж,6,2,14
Воронеж,6,3,18
Воронеж,6,4,19
Воронеж,6,5,17
Воронеж,6,6,11
Воронеж,6,7,12
Воронеж,6,8,9
Воронеж,6,9,6
Воронеж,6,10,5
Воронеж,6,11,2
Воронеж,6,12,2
Воронеж,7,0,1
Воронеж,7,1,7
Воронеж,7,2,12
Воронеж,7,3,6
Воронеж,7,4,12
Воронеж,7,5,16
Воронеж,7,6,17
Воронеж,7,7,18
Воронеж,7,8,9
Воронеж,7,9,4
Воронеж,7,10,6
Воронеж,7,11,1
Воронеж,7,12,1
Воронеж,8,0,4
Воронеж,8,1,5
Воронеж,8,2,11
Воронеж,8,3,10
Воронеж,8,4,11
Воронеж,8,5,18
Воронеж,8,6,17
Воронеж,8,7,18
Воронеж,8,8,11
Воронеж,8,9,13
Воронеж,8,10,5
Воронеж,8,11,2
Воронеж,9,0,3
Воронеж,9,1,3
Воронеж,9,2,7
Воронеж,9,3,13
Воронеж,9,4,15
Воронеж,9,5,14
Воронеж,9,6,24
Воронеж,9,7,18
Воронеж,9,8,9
Воронеж,9,9,6
Воронеж,9,10,9
Воронеж,9,11,4
Воронеж,9,12,1
Воронеж,10,1,5
Воронеж,10,2,6
Воронеж,10,3,7
Воронеж,10,4,4
Воронеж,10,5,11
Воронеж,10,6,14
Воронеж,10,7,13
Воронеж,10,8,12
Воронеж,10,9,8
Воронеж,10,10,7
Воронеж,10,11,4
Воронеж,11,0,1
Воронеж,11,1,1
Воронеж,11,2,6
Воронеж,11,3,9
Воронеж,11,4,6
Воронеж,11,5,12
Воронеж,11,6,11
Воронеж,11,7,19
Воронеж,11,8,10
Воронеж,11,9,12
Воронеж,11,10,9
Воронеж,11,11,7
Екатеринбург,5,0,4
Екатеринбург,5,1,6
Екатеринбург,5,2,6
Екатеринбург,5,3,13
Екатеринбург,5,4,5
Екатеринбург,5,5,12
Екатеринбург,5,6,11
Екатеринбург,5,7,15
Екатеринбург,5,8,3
Екатеринбург,5,9,7
Екатеринбург,5,10,6
Екатеринбург,5,11,2
Екатеринбург,5,12,1
Екатеринбург,6,0,4
Екатеринбург,6,1,8
Екатеринбург,6,2,12
Екатеринбург,6,3,8
Екатеринбург,6,4,16
Екатеринбург,6,5,16
Екатеринбург,6,6,13
Екатеринбург,6,7,13
Екатеринбург,6,8,5
Екатеринбург,6,9,4
Екатеринбург,6,10,1
Екатеринбург,6,11,2
Екатеринбург,7,0,4
Екатеринбург,7,1,7
Екатеринбург,7,2,12
Екатеринбург,7,3,15
Екатеринбург,7,4,12
Екатеринбург,7,5,17
Екатеринбург,7,6,11
Екатеринбург,7,7,8
Екатеринбург,7,8,10
Екатеринбург,7,9,5
Екатеринбург,7,10,4
Екатеринбург,7,11,2
Екатеринбург,7,12,1
Екатеринбург,8,0,2
Екатеринбург,8,1,8
Екатеринбург,8,2,9
Екатеринбург,8,3,11
Екатеринбург,8,4,15
Екатеринбург,8,5,13
Екатеринбург,8,6,14
Екатеринбург,8,7,13
Екатеринбург,8,8,14
Екатеринбург,8,9,3
Екатеринбург,8,10,2
Екатеринбург,8,11,1
Екатеринбург,8,12,2
Екатеринбург,9,0,2
Екатеринбург,9,1,4
Екатеринбург,9,2,5
Екатеринбург,9,3,13
Екатеринбург,9,4,7
Екатеринбург,9,5,11
Екатеринбург,9,6,13
Екатеринбург,9,7,20
Екатеринбург,9,8,15
Екатеринбург,9,9,10
Екатеринбург,9,10,10
Екатеринбург,9,11,2
Екатеринбург,9,12,3
Екатеринбург,10,0,2
Екатеринбург,10,1,4
Екатеринбург,10,2,11
Екатеринбург,10,3,11
Екатеринбург,10,4,7
Екатеринбург,10,5,16
Екатеринбург,10,6,19
Екатеринбург,10,7,13
Екатеринбург,10,8,13
Екатеринбург,10,9,9
Екатеринбург,10,10,4
Екатеринбург,10,11,7
Екатеринбург,10,12,2
Екатеринбург,11,0,1
Екатеринбург,11,1,3
Екатеринбург,11,2,2
Екатеринбург,11,3,4
Екатеринбург,11,4,8
Екатеринбург,11,5,13
Екатеринбург,11,6,14
Екатеринбург,11,7,17
Екатеринбург,11,8,15
Екатеринбург,11,9,6
Екатеринбург,11,10,9
Екатеринбург,11,11,9
Екатеринбург,11,12,3
Казань,5,0,9
Казань,5,1,12
Казань,5,2,17
Казань,5,3,15
Казань,5,4,11
Казань,5,5,17
Казань,5,6,17
Казань,5,7,9
Казань,5,8,7
Казань,5,9,3
Казань,5,10,3
Казань,5,11,2
Казань,6,0,2
Казань,6,1,12
Казань,6,2,14
Казань,6,3,13
Казань,6,4,21
Казань,6,5,22
Казань,6,6,12
Казань,6,7,9
Казань,6,8,8
Казань,6,9,11
Казань,6,10,2
Казань,6,12,1
Казань,7,0,6
Казань,7,1,10
Казань,7,2,6
Казань,7,3,10
Казань,7,4,14
Казань,7,5,17
Казань,7,6,15
Казань,7,7,14
Казань,7,8,10
Казань,7,9,7
Казань,7,10,3
Казань,7,11,2
Казань,8,0,2
Казань,8,1,6
Казань,8,2,5
Казань,8,3,13
Казань,8,4,14
Казань,8,5,16
Казань,8,6,17
Казань,8,7,8
Казань,8,8,7
Казань,8,9,10
Казань,8,10,7
Казань,8,11,2
Казань,9,0,2
Казань,9,1,4
Казань,9,2,4
Казань,9,3,15
Казань,9,4,14
Казань,9,5,12
Казань,9,6,15
Казань,9,7,10
Казань,9,8,12
Казань,9,9,13
Казань,9,10,7
Казань,9,11,4
Казань,9,12,2
Казань,10,1,4
Казань,10,2,5
Казань,10,3,12
Казань,10,4,12
Казань,10,5,12
Казань,10,6,18
Казань,10,7,8
Казань,10,8,16
Казань,10,9,13
Казань,10,10,8
Казань,10,11,9
Казань,10,12,1
Казань,11,0,1
Казань,11,2,6
Казань,11,3,12
Казань,11,4,9
Казань,11,5,10
Казань,11,6,13
Казань,11,7,15
Казань,11,8,12
Казань,11,9,13
Казань,11,10,10
Казань,11,11,6
Казань,11,12,2
Краснодар,5,0,11
Краснодар,5,1,11
Краснодар,5,2,12
Краснодар,5,3,14
Краснодар,5,4,9
Краснодар,5,5,10
Краснодар,5,6,15
Краснодар,5,7,11
Краснодар,5,8,5
Краснодар,5,9,7
Краснодар,5,10,3
Краснодар,5,11,1
Краснодар,6,0,6
Краснодар,6,1,12
Краснодар,6,2,15
Краснодар,6,3,13
Краснодар,6,4,18
Краснодар,6,5,7
Краснодар,6,6,12
Краснодар,6,7,13
Краснодар,6,8,11
Краснодар,6,9,8
Краснодар,6,10,3
Краснодар,6,11,2
Краснодар,7,0,2
Краснодар,7,1,5
Краснодар,7,2,10
Краснодар,7,3,13
Краснодар,7,4,11
Краснодар,7,5,17
Краснодар,7,6,13
Краснодар,7,7,12
Краснодар,7,8,10
Краснодар,7,9,5
Краснодар,7,10,2
Краснодар,7,11,4
Краснодар,8,0,2
Краснодар,8,1,6
Краснодар,8,2,5
Краснодар,8,3,13
Краснодар,8,4,12
Краснодар,8,5,18
Краснодар,8,6,12
Краснодар,8,7,9
Краснодар,8,8,13
Краснодар,8,9,6
Краснодар,8,10,4
Краснодар,8,12,1
Краснодар,9,0,2
Краснодар,9,1,5
Краснодар,9,2,9
Краснодар,9,3,12
Краснодар,9,4,5
Краснодар,9,5,13
Краснодар,9,6,11
Краснодар,9,7,17
Краснодар,9,8,18
Краснодар,9,9,7
Краснодар,9,10,3
Краснодар,9,11,2
Краснодар,9,12,1
Краснодар,10,1,2
Краснодар,10,2,11
Краснодар,10,3,8
Краснодар,10,4,16
Краснодар,10,5,21
Краснодар,10,6,17
Краснодар,10,7,23
Краснодар,10,8,16
Краснодар,10,9,12
Краснодар,10,10,9
Краснодар,10,11,3
Краснодар,10,12,1
Краснодар,11,0,1
Краснодар,11,1,4
Краснодар,11,2,9
Краснодар,11,3,8
Краснодар,11,4,10
Краснодар,11,5,15
Краснодар,11,6,17
Краснодар,11,7,17
Краснодар,11,8,9
Краснодар,11,9,14
Краснодар,11,10,9
Краснодар,11,11,10
Москва,5,0,7
Москва,5,1,8
Москва,5,2,11
Москва,5,3,15
Москва,5,4,21
Москва,5,5,20
Москва,5,6,15
Москва,5,7,9
Москва,5,8,9
Москва,5,9,8
Москва,5,10,3
Москва,5,11,1
Москва,5,12,1
Москва,6,0,3
Москва,6,1,8
Москва,6,2,11
Москва,6,3,15
Москва,6,4,15
Москва,6,5,12
Москва,6,6,12
Москва,6,7,12
Москва,6,8,8
Москва,6,9,10
Москва,6,10,2
Москва,6,11,2
Москва,7,0,2
Москва,7,1,8
Москва,7,2,8
Москва,7,3,12
Москва,7,4,18
Москва,7,5,22
Москва,7,6,15
Москва,7,7,16
Москва,7,8,5
Москва,7,9,10
Москва,7,10,3
Москва,7,11,3
Москва,8,0,2
Москва,8,1,2
Москва,8,2,9
Москва,8,3,9
Москва,8,4,16
Москва,8,5,14
Москва,8,6,14
Москва,8,7,16
Москва,8,8,17
Москва,8,9,6
Москва,8,10,7
Москва,8,11,3
Москва,9,0,1
Москва,9,1,5
Москва,9,2,11
Москва,9,3,9
Москва,9,4,14
Москва,9,5,14
Москва,9,6,20
Москва,9,7,18
Москва,9,8,14
Москва,9,9,13
Москва,9,10,9
Москва,9,11,6
Москва,10,0,3
Москва,10,1,2
Москва,10,2,8
Москва,10,3,6
Москва,10,4,8
Москва,10,5,14
Москва,10,6,17
Москва,10,7,11
Москва,10,8,11
Москва,10,9,7
Москва,10,10,11
Москва,10,11,7
Москва,10,12,2
Москва,11,0,1
Москва,11,1,4
Москва,11,2,6
Москва,11,3,5
Москва,11,4,9
Москва,11,5,12
Москва,11,6,11
Москва,11,7,18
Москва,11,8,13
Москва,11,9,13
Москва,11,10,10
Москва,11,11,5
Москва,11,12,1
Новосибирск,5,0,7
Новосибирск,5,1,4
Новосибирск,5,2,17
Новосибирск,5,3,9
Новосибирск,5,4,16
Новосибирск,5,5,18
Новосибирск,5,6,10
Новосибирск,5,7,3
Новосибирск,5,8,5
Новосибирск,5,9,5
Новосибирск,5,10,4
Новосибирск,5,11,1
Новосибирск,6,0,2
Новосибирск,6,1,4
Новосибирск,6,2,10
Новосибирск,6,3,19
Новосибирск,6,4,15
Новосибирск,6,5,7
Новосибирск,6,6,19
Новосибирск,6,7,10
Новосибирск,6,8,14
Новосибирск,6,9,8
Новосибирск,6,10,1
Новосибирск,6,11,3
Новосибирск,6,12,1
Новосибирск,7,0,1
Новосибирск,7,1,6
Новосибирск,7,2,11
Новосибирск,7,3,7
Новосибирск,7,4,10
Новосибирск,7,5,15
Новосибирск,7,6,17
Новосибирск,7,7,12
Новосибирск,7,8,3
Новосибирск,7,9,10
Новосибирск,7,10,8
Новосибирск,7,11,2
Новосибирск,8,0,2
Новосибирск,8,1,7
Новосибирск,8,2,6
Новосибирск,8,3,8
Новосибирск,8,4,18
Новосибирск,8,5,17
Новосибирск,8,6,10
Новосибирск,8,7,12
Новосибирск,8,8,11
Новосибирск,8,9,9
Новосибирск,8,10,6
Новосибирск,8,11,2
Новосибирск,9,0,2
Новосибирск,9,1,8
Новосибирск,9,2,9
Новосибирск,9,3,7
Новосибирск,9,4,9
Новосибирск,9,5,16
Новосибирск,9,6,14
Новосибирск,9,7,15
Новосибирск,9,8,13
Новосибирск,9,9,5
Новосибирск,9,10,8
Новосибирск,9,11,7
Новосибирск,9,12,3
Новосибирск,10,0,5
Новосибирск,10,1,3
Новосибирск,10,2,10
Новосибирск,10,3,6
Новосибирск,10,4,14
Новосибирск,10,5,10
Новосибирск,10,6,10
Новосибирск,10,7,16
Новосибирск,10,8,13
Новосибирск,10,9,11
Новосибирск,10,10,13
Новосибирск,10,11,5
Новосибирск,10,12,4
Новосибирск,11,1,1
Новосибирск,11,2,5
Новосибирск,11,3,10
Новосибирск,11,4,10
Новосибирск,11,5,15
Новосибирск,11,6,12
Новосибирск,11,7,18
Новосибирск,11,8,14
Новосибирск,11,9,10
Новосибирск,11,10,14
Новосибирск,11,11,5
Новосибирск,11,12,5
Пермь,5,0,7
Пермь,5,1,12
Пермь,5,2,11
Пермь,5,3,14
Пермь,5,4,13
Пермь,5,5,18
Пермь,5,6,11
Пермь,5,7,11
Пермь,5,8,6
Пермь,5,9,7
Пермь,5,10,3
Пермь,5,12,1
Пермь,6,0,4
Пермь,6,1,8
Пермь,6,2,7
Пермь,6,3,16
Пермь,6,4,11
Пермь,6,5,18
Пермь,6,6,10
Пермь,6,7,13
Пермь,6,8,11
Пермь,6,9,4
Пермь,6,10,2
Пермь,6,11,1
Пермь,6,12,1
Пермь,7,0,6
Пермь,7,1,9
Пермь,7,2,11
Пермь,7,3,15
Пермь,7,4,21
Пермь,7,5,14
Пермь,7,6,17
Пермь,7,7,14
Пермь,7,8,8
Пермь,7,9,10
Пермь,7,10,2
Пермь,8,0,1
Пермь,8,1,6
Пермь,8,2,8
Пермь,8,3,7
Пермь,8,4,19
Пермь,8,5,7
Пермь,8,6,3
Пермь,8,7,14
Пермь,8,8,11
Пермь,8,9,10
Пермь,8,10,3
Пермь,8,11,2
Пермь,8,12,1
Пермь,9,0,1
Пермь,9,1,2
Пермь,9,2,9
Пермь,9,3,12
Пермь,9,4,13
Пермь,9,5,8
Пермь,9,6,18
Пермь,9,7,7
Пермь,9,8,10
Пермь,9,9,9
Пермь,9,10,4
Пермь,9,11,4
Пермь,10,1,2
Пермь,10,2,4
Пермь,10,3,14
Пермь,10,4,14
Пермь,10,5,12
Пермь,10,6,13
Пермь,10,7,11
Пермь,10,8,9
Пермь,10,9,11
Пермь,10,10,7
Пермь,10,11,2
Пермь,11,1,5
Пермь,11,2,3
Пермь,11,3,11
Пермь,11,4,15
Пермь,11,5,11
Пермь,11,6,18
Пермь,11,7,14
Пермь,11,8,18
Пермь,11,9,10
Пермь,11,10,8
Пермь,11,11,5
Пермь,11,12,4
Ростов-на-Дону,5,0,3
Ростов-на-Дону,5,1,13
Ростов-на-Дону,5,2,14
Ростов-на-Дону,5,3,12
Ростов-на-Дону,5,4,14
Ростов-на-Дону,5,5,9
Ростов-на-Дону,5,6,13
Ростов-на-Дону,5,7,7
Ростов-на-Дону,5,8,7
Ростов-на-Дону,5,9,4
Ростов-на-Дону,5,10,1
Ростов-на-Дону,5,11,1
Ростов-на-Дону,6,0,8
Ростов-на-Дону,6,1,5
Ростов-на-Дону,6,2,8
Ростов-на-Дону,6,3,14
Ростов-на-Дону,6,4,13
Ростов-на-Дону,6,5,12
Ростов-на-Дону,6,6,9
Ростов-на-Дону,6,7,17
Ростов-на-Дону,6,8,5
Ростов-на-Дону,6,9,3
Ростов-на-Дону,6,10,2
Ростов-на-Дону,6,11,2
Ростов-на-Дону,7,0,2
Ростов-на-Дону,7,1,5
Ростов-на-Дону,7,2,11
Ростов-на-Дону,7,3,15
Ростов-на-Дону,7,4,13
Ростов-на-Дону,7,5,13
Ростов-на-Дону,7,6,26
Ростов-на-Дону,7,7,14
Ростов-на-Дону,7,8,14
Ростов-на-Дону,7,9,7
Ростов-на-Дону,7,10,7
Ростов-на-Дону,7,11,3
Ростов-на-Дону,7,12,1
Ростов-на-Дону,8,0,2
Ростов-на-Дону,8,1,14
Ростов-на-Дону,8,2,13
Ростов-на-Дону,8,3,5
Ростов-на-Дону,8,4,16
Ростов-на-Дону,8,5,14
Ростов-на-Дону,8,6,21
Ростов-на-Дону,8,7,13
Ростов-на-Дону,8,8,17
Ростов-на-Дону,8,9,9
Ростов-на-Дону,8,10,3
Ростов-на-Дону,8,11,4
Ростов-на-Дону,8,12,1
Ростов-на-Дону,9,0,3
Ростов-на-Дону,9,1,6
Ростов-на-Дону,9,2,5
Ростов-на-Дону,9,3,7
Ростов-на-Дону,9,4,14
Ростов-на-Дону,9,5,12
Ростов-на-Дону,9,6,15
Ростов-на-Дону,9,7,9
Ростов-на-Дону,9,8,9
Ростов-на-Дону,9,9,12
Ростов-на-Дону,9,10,6
Ростов-на-Дону,9,11,1
Ростов-на-Дону,10,0,3
Ростов-на-Дону,10,1,1
Ростов-на-Дону,10,2,4
Ростов-на-Дону,10,3,10
Ростов-на-Дону,10,4,14
Ростов-на-Дону,10,5,14
Ростов-на-Дону,10,6,12
Ростов-на-Дону,10,7,12
Ростов-на-Дону,10,8,16
Ростов-на-Дону,10,9,11
Ростов-на-Дону,10,10,13
Ростов-на-Дону,10,11,3
Ростов-на-Дону,10,12,1
Ростов-на-Дону,11,0,1
Ростов-на-Дону,11,1,2
Ростов-на-Дону,11,2,4
Ростов-на-Дону,11,3,4
Ростов-на-Дону,11,4,9
Ростов-на-Дону,11,5,12
Ростов-на-Дону,11,6,12
Ростов-на-Дону,11,7,21
Ростов-на-Дону,11,8,13
Ростов-на-Дону,11,9,13
Ростов-на-Дону,11,10,15
Ростов-на-Дону,11,11,8
Ростов-на-Дону,11,12,1
Санкт-Петербург,5,0,7
Санкт-Петербург,5,1,6
Санкт-Петербург,5,2,11
Санкт-Петербург,5,3,21
Санкт-Петербург,5,4,9
Санкт-Петербург,5,5,9
Санкт-Петербург,5,6,11
Санкт-Петербург,5,7,7
Санкт-Петербург,5,8,5
Санкт-Петербург,5,9,5
Санкт-Петербург,5,10,3
Санкт-Петербург,5,11,1
Санкт-Петербург,6,0,2
Санкт-Петербург,6,1,4
Санкт-Петербург,6,2,17
Санкт-Петербург,6,3,21
Санкт-Петербург,6,4,31
Санкт-Петербург,6,5,9
Санкт-Петербург,6,6,16
Санкт-Петербург,6,7,18
Санкт-Петербург,6,8,6
Санкт-Петербург,6,9,7
Санкт-Петербург,6,10,3
Санкт-Петербург,6,11,4
Санкт-Петербург,7,1,3
Санкт-Петербург,7,2,11
Санкт-Петербург,7,3,14
Санкт-Петербург,7,4,8
Санкт-Петербург,7,5,21
Санкт-Петербург,7,6,12
Санкт-Петербург,7,7,15
Санкт-Петербург,7,8,12
Санкт-Петербург,7,9,5
Санкт-Петербург,7,10,4
Санкт-Петербург,7,11,4
Санкт-Петербург,7,12,1
Санкт-Петербург,8,0,3
Санкт-Петербург,8,1,3
Санкт-Петербург,8,2,11
Санкт-Петербург,8,3,12
Санкт-Петербург,8,4,16
Санкт-Петербург,8,5,14
Санкт-Петербург,8,6,17
Санкт-Петербург,8,7,15
Санкт-Петербург,8,8,7
Санкт-Петербург,8,9,9
Санкт-Петербург,8,10,7
Санкт-Петербург,8,11,4
Санкт-Петербург,9,0,2
Санкт-Петербург,9,1,2
Санкт-Петербург,9,2,7
Санкт-Петербург,9,3,9
Санкт-Петербург,9,4,14
Санкт-Петербург,9,5,16
Санкт-Петербург,9,6,10
Санкт-Петербург,9,7,14
Санкт-Петербург,9,8,5
Санкт-Петербург,9,9,9
Санкт-Петербург,9,10,9
Санкт-Петербург,9,11,2
Санкт-Петербург,9,12,2
Санкт-Петербург,10,0,1
Санкт-Петербург,10,1,3
Санкт-Петербург,10,2,4
Санкт-Петербург,10,3,8
Санкт-Петербург,10,4,12
Санкт-Петербург,10,5,15
Санкт-Петербург,10,6,28
Санкт-Петербург,10,7,15
Санкт-Петербург,10,8,17
Санкт-Петербург,10,9,10
Санкт-Петербург,10,10,8
Санкт-Петербург,10,11,4
Санкт-Петербург,10,12,1
Санкт-Петербург,11,1,2
Санкт-Петербург,11,2,11
Санкт-Петербург,11,3,9
Санкт-Петербург,11,4,8
Санкт-Петербург,11,5,7
Санкт-Петербург,11,6,13
Санкт-Петербург,11,7,17
Санкт-Петербург,11,8,14
Санкт-Петербург,11,9,11
Санкт-Петербург,11,10,9
Санкт-Петербург,11,11,5
Санкт-Петербург,11,12,2
Уфа,5,0,7
Уфа,5,1,12
Уфа,5,2,10
Уфа,5,3,21
Уфа,5,4,15
Уфа,5,5,19
Уфа,5,6,11
Уфа,5,7,8
Уфа,5,8,7
Уфа,5,9,9
Уфа,5,10,6
Уфа,6,0,7
Уфа,6,1,8
Уфа,6,2,13
Уфа,6,3,13
Уфа,6,4,22
Уфа,6,5,13
Уфа,6,6,16
Уфа,6,7,12
Уфа,6,8,9
Уфа,6,9,2
Уфа,6,10,4
Уфа,6,11,1
Уфа,6,12,1
Уфа,7,0,2
Уфа,7,1,4
Уфа,7,2,18
Уфа,7,3,8
Уфа,7,4,17
Уфа,7,5,23
Уфа,7,6,16
Уфа,7,7,14
Уфа,7,8,10
Уфа,7,9,8
Уфа,7,10,7
Уфа,7,11,1
Уфа,8,0,1
Уфа,8,1,8
Уфа,8,2,11
Уфа,8,3,12
Уфа,8,4,9
Уфа,8,5,13
Уфа,8,6,13
Уфа,8,7,12
Уфа,8,8,10
Уфа,8,9,5
Уфа,8,10,5
Уфа,8,12,1
Уфа,9,0,1
Уфа,9,1,4
Уфа,9,2,5
Уфа,9,3,8
Уфа,9,4,14
Уфа,9,5,21
Уфа,9,6,14
Уфа,9,7,10
Уфа,9,8,10
Уфа,9,9,18
Уфа,9,10,4
Уфа,9,11,2
Уфа,9,12,1
Уфа,10,0,1
Уфа,10,1,1
Уфа,10,2,9
Уфа,10,3,8
Уфа,10,4,17
Уфа,10,5,17
Уфа,10,6,11
Уфа,10,7,17
Уфа,10,8,17
Уфа,10,9,10
Уфа,10,10,10
Уфа,10,11,5
Уфа,10,12,1
Уфа,11,1,2
Уфа,11,2,5
Уфа,11,3,16
Уфа,11,4,6
Уфа,11,5,20
Уфа,11,6,13
Уфа,11,7,18
Уфа,11,8,18
Уфа,11,9,10
Уфа,11,10,7
Уфа,11,11,8
Уфа,11,12,5
