region,grade,participants,schools,score_sum,high_count,completed_count,skipped_sum,time_sum
Воронеж,5,112,49,472,6,75,48,8246
Воронеж,6,125,52,622,15,81,56,9115
Воронеж,7,110,49,596,12,72,45,8123
Воронеж,8,125,51,696,20,72,67,9280
Воронеж,9,126,51,728,20,86,46,9158
Воронеж,10,91,47,566,19,60,39,6637
Воронеж,11,103,45,678,28,57,59,7554
Екатеринбург,5,91,42,489,16,65,32,6739
Екатеринбург,6,102,41,477,7,66,44,7459
Екатеринбург,7,108,50,530,12,67,46,7846
Екатеринбург,8,107,50,553,8,60,57,7828
Екатеринбург,9,115,52,722,25,62,71,8436
Екатеринбург,10,118,51,698,22,75,55,8794
Екатеринбург,11,104,48,718,27,70,40,7629
Казань,5,122,53,520,8,74,58,9074
Казань,6,127,54,603,14,76,66,9344
Казань,7,114,51,576,12,70,56,8355
Казань,8,107,48,587,19,68,56,7854
Казань,9,114,51,684,26,65,60,8393
Казань,10,118,50,758,31,61,69,8690
Казань,11,109,52,720,31,64,53,7930
Краснодар,5,109,54,474,11,64,54,7955
Краснодар,6,120,54,563,13,72,62,8987
Краснодар,7,104,49,544,11,61,54,7627
Краснодар,8,101,47,538,11,62,49,7354
Краснодар,9,105,46,600,13,67,49,7695
Краснодар,10,139,52,851,25,84,69,10217
Краснодар,11,123,45,780,33,85,49,8967
Москва,5,128,48,609,13,70,72,9404
Москва,6,110,51,547,14,62,60,8182
Москва,7,122,50,637,16,79,51,9006
Москва,8,115,51,670,16,65,63,8435
Москва,9,134,55,811,28,75,75,9938
Москва,10,107,53,679,27,62,54,7894
Москва,11,108,47,707,29,66,54,7879
Новосибирск,5,99,42,436,10,67,38,7334
Новосибирск,6,113,51,599,13,68,55,8240
Новосибирск,7,102,47,566,20,54,61,7531
Новосибирск,8,108,50,595,17,69,48,8102
Новосибирск,9,116,50,694,23,73,57,8506
Новосибирск,10,120,49,755,33,74,59,8904
Новосибирск,11,119,50,811,34,75,54,8781
Пермь,5,114,51,514,11,67,59,8346
Пермь,6,106,52,522,8,69,41,7814
Пермь,7,127,53,604,12,72,63,9336
Пермь,8,92,49,512,16,61,42,6753
Пермь,9,97,49,550,17,56,46,7124
Пермь,10,99,48,586,20,60,47,7242
Пермь,11,122,53,782,27,71,57,9067
Ростов-на-Дону,5,98,47,418,6,65,44,7288
Ростов-на-Дону,6,98,48,457,7,56,47,7193
Ростов-на-Дону,7,131,51,733,18,76,70,9733
Ростов-на-Дону,8,132,55,709,17,78,64,9725
Ростов-на-Дону,9,99,49,557,19,59,48,7314
Ростов-на-Дону,10,114,53,723,28,70,50,8495
Ростов-на-Дону,11,115,52,808,37,81,44,8511
Санкт-Петербург,5,95,43,413,9,62,43,6936
Санкт-Петербург,6,138,52,677,14,93,53,10046
Санкт-Петербург,7,110,51,618,14,67,52,8107
Санкт-Петербург,8,118,50,653,20,78,45,8596
Санкт-Петербург,9,101,51,594,22,59,48,7325
Санкт-Петербург,10,126,53,793,23,86,47,9208
Санкт-Петербург,11,108,55,695,27,66,50,7904
Уфа,5,125,49,569,15,68,74,9161
Уфа,6,121,48,559,8,76,59,8847
Уфа,7,128,54,674,16,85,51,9280
Уфа,8,100,49,516,11,66,36,7299
Уфа,9,112,48,669,25,69,56,8258
Уфа,10,124,49,774,26,73,64,8981
Уфа,11,128,53,840,30,91,45,9435
