region,grade,task,solved,attempted,participants
Воронеж,5,1,28,109,112
Воронеж,5,2,42,108,112
Воронеж,5,3,22,109,112
Воронеж,5,4,49,109,112
Воронеж,5,5,57,107,112
Воронеж,5,6,32,106,112
Воронеж,5,7,40,109,112
Воронеж,5,8,51,109,112
Воронеж,5,9,17,107,112
Воронеж,5,10,45,107,112
Воронеж,5,11,36,106,112
Воронеж,5,12,53,110,112
Воронеж,6,1,27,118,125
Воронеж,6,2,38,122,125
Воронеж,6,3,36,120,125
Воронеж,6,4,59,119,125
Воронеж,6,5,65,119,125
Воронеж,6,6,49,121,125
Воронеж,6,7,70,120,125
Воронеж,6,8,71,120,125
Воронеж,6,9,36,121,125
Воронеж,6,10,62,120,125
Воронеж,6,11,48,122,125
Воронеж,6,12,61,122,125
Воронеж,7,1,30,106,110
Воронеж,7,2,33,108,110
Воронеж,7,3,36,108,110
Воронеж,7,4,61,104,110
Воронеж,7,5,79,106,110
Воронеж,7,6,51,107,110
Воронеж,7,7,65,107,110
Воронеж,7,8,65,108,110
Воронеж,7,9,27,106,110
Воронеж,7,10,49,105,110
Воронеж,7,11,49,104,110
Воронеж,7,12,51,106,110
Воронеж,8,1,32,117,125
Воронеж,8,2,51,118,125
Воронеж,8,3,41,119,125
Воронеж,8,4,73,119,125
Воронеж,8,5,79,123,125
Воронеж,8,6,52,115,125
Воронеж,8,7,70,122,125
Воронеж,8,8,74,119,125
Воронеж,8,9,37,123,125
Воронеж,8,10,58,116,125
Воронеж,8,11,55,122,125
Воронеж,8,12,74,120,125
Воронеж,9,1,39,123,126
Воронеж,9,2,45,123,126
Воронеж,9,3,45,123,126
Воронеж,9,4,73,123,126
Воронеж,9,5,82,123,126
Воронеж,9,6,55,120,126
Воронеж,9,7,76,123,126
Воронеж,9,8,74,124,126
Воронеж,9,9,41,121,126
Воронеж,9,10,68,121,126
Воронеж,9,11,62,122,126
Воронеж,9,12,68,120,126
Воронеж,10,1,31,86,91
Воронеж,10,2,33,88,91
Воронеж,10,3,31,89,91
Воронеж,10,4,51,88,91
Воронеж,10,5,66,89,91
Воронеж,10,6,45,89,91
Воронеж,10,7,63,88,91
Воронеж,10,8,57,88,91
Воронеж,10,9,37,89,91
Воронеж,10,10,54,88,91
Воронеж,10,11,45,87,91
Воронеж,10,12,53,84,91
Воронеж,11,1,42,98,103
Воронеж,11,2,38,94,103
Воронеж,11,3,43,101,103
Воронеж,11,4,68,96,103
Воронеж,11,5,72,100,103
Воронеж,11,6,55,99,103
Воронеж,11,7,68,94,103
Воронеж,11,8,62,95,103
Воронеж,11,9,44,99,103
Воронеж,11,10,67,102,103
Воронеж,11,11,53,99,103
Воронеж,11,12,66,100,103
Екатеринбург,5,1,20,89,91
Екатеринбург,5,2,30,90,91
Екатеринбург,5,3,36,89,91
Екатеринбург,5,4,50,89,91
Екатеринбург,5,5,49,88,91
Екатеринбург,5,6,36,88,91
Екатеринбург,5,7,50,87,91
Екатеринбург,5,8,52,88,91
Екатеринбург,5,9,35,89,91
Екатеринбург,5,10,45,88,91
Екатеринбург,5,11,36,89,91
Екатеринбург,5,12,50,86,91
Екатеринбург,6,1,27,101,102
Екатеринбург,6,2,30,101,102
Екатеринбург,6,3,23,98,102
Екатеринбург,6,4,53,98,102
Екатеринбург,6,5,52,98,102
Екатеринбург,6,6,38,95,102
Екатеринбург,6,7,49,98,102
Екатеринбург,6,8,55,98,102
Екатеринбург,6,9,30,97,102
Екатеринбург,6,10,39,97,102
Екатеринбург,6,11,37,100,102
Екатеринбург,6,12,44,99,102
Екатеринбург,7,1,24,102,108
Екатеринбург,7,2,37,101,108
Екатеринбург,7,3,30,105,108
Екатеринбург,7,4,61,105,108
Екатеринбург,7,5,51,102,108
Екатеринбург,7,6,45,106,108
Екатеринбург,7,7,56,104,108
Екатеринбург,7,8,54,105,108
Екатеринбург,7,9,24,104,108
Екатеринбург,7,10,53,104,108
Екатеринбург,7,11,42,107,108
Екатеринбург,7,12,53,105,108
Екатеринбург,8,1,33,102,107
Екатеринбург,8,2,27,99,107
Екатеринбург,8,3,38,99,107
Екатеринбург,8,4,53,101,107
Екатеринбург,8,5,62,103,107
Екатеринбург,8,6,42,104,107
Екатеринбург,8,7,59,102,107
Екатеринбург,8,8,60,99,107
Екатеринбург,8,9,33,106,107
Екатеринбург,8,10,47,102,107
Екатеринбург,8,11,41,105,107
Екатеринбург,8,12,58,105,107
Екатеринбург,9,1,28,106,115
Екатеринбург,9,2,47,112,115
Екатеринбург,9,3,40,112,115
Екатеринбург,9,4,68,111,115
Екатеринбург,9,5,72,108,115
Екатеринбург,9,6,56,105,115
Екатеринбург,9,7,79,108,115
Екатеринбург,9,8,79,108,115
Екатеринбург,9,9,44,111,115
Екатеринбург,9,10,65,107,115
Екатеринбург,9,11,70,110,115
Екатеринбург,9,12,74,111,115
Екатеринбург,10,1,35,113,118
Екатеринбург,10,2,48,114,118
Екатеринбург,10,3,48,113,118
Екатеринбург,10,4,63,112,118
Екатеринбург,10,5,76,114,118
Екатеринбург,10,6,45,113,118
Екатеринбург,10,7,77,114,118
Екатеринбург,10,8,77,115,118
Екатеринбург,10,9,33,114,118
Екатеринбург,10,10,72,113,118
Екатеринбург,10,11,56,114,118
Екатеринбург,10,12,68,112,118
Екатеринбург,11,1,30,100,104
Екатеринбург,11,2,60,104,104
Екатеринбург,11,3,54,102,104
Екатеринбург,11,4,72,101,104
Екатеринбург,11,5,75,101,104
Екатеринбург,11,6,55,101,104
Екатеринбург,11,7,66,96,104
Екатеринбург,11,8,70,101,104
Екатеринбург,11,9,42,102,104
Екатеринбург,11,10,73,101,104
Екатеринбург,11,11,50,99,104
Екатеринбург,11,12,71,100,104
Казань,5,1,25,119,122
Казань,5,2,37,118,122
Казань,5,3,24,118,122
Казань,5,4,56,115,122
Казань,5,5,58,116,122
Казань,5,6,41,119,122
Казань,5,7,50,115,122
Казань,5,8,54,117,122
Казань,5,9,24,115,122
Казань,5,10,51,118,122
Казань,5,11,47,118,122
Казань,5,12,53,118,122
Казань,6,1,32,122,127
Казань,6,2,43,122,127
Казань,6,3,33,116,127
Казань,6,4,59,123,127
Казань,6,5,75,122,127
Казань,6,6,43,121,127
Казань,6,7,67,126,127
Казань,6,8,57,121,127
Казань,6,9,28,123,127
Казань,6,10,64,121,127
Казань,6,11,42,121,127
Казань,6,12,60,120,127
Казань,7,1,19,111,114
Казань,7,2,47,110,114
Казань,7,3,35,111,114
Казань,7,4,57,106,114
Казань,7,5,69,108,114
Казань,7,6,37,108,114
Казань,7,7,66,107,114
Казань,7,8,54,108,114
Казань,7,9,29,111,114
Казань,7,10,51,111,114
Казань,7,11,48,110,114
Казань,7,12,64,111,114
Казань,8,1,19,98,107
Казань,8,2,42,102,107
Казань,8,3,34,102,107
Казань,8,4,67,104,107
Казань,8,5,75,104,107
Казань,8,6,44,105,107
Казань,8,7,50,101,107
Казань,8,8,63,104,107
Казань,8,9,28,101,107
Казань,8,10,59,101,107
Казань,8,11,52,104,107
Казань,8,12,54,102,107
Казань,9,1,40,107,114
Казань,9,2,43,110,114
Казань,9,3,50,110,114
Казань,9,4,67,105,114
Казань,9,5,72,111,114
Казань,9,6,54,110,114
Казань,9,7,69,109,114
Казань,9,8,70,111,114
Казань,9,9,31,112,114
Казань,9,10,61,109,114
Казань,9,11,62,106,114
Казань,9,12,65,108,114
Казань,10,1,40,110,118
Казань,10,2,45,106,118
Казань,10,3,44,110,118
Казань,10,4,75,113,118
Казань,10,5,80,115,118
Казань,10,6,63,114,118
Казань,10,7,82,116,118
Казань,10,8,77,112,118
Казань,10,9,51,111,118
Казань,10,10,73,113,118
Казань,10,11,61,118,118
Казань,10,12,67,109,118
Казань,11,1,40,108,109
Казань,11,2,51,103,109
Казань,11,3,45,103,109
Казань,11,4,74,108,109
Казань,11,5,75,103,109
Казань,11,6,54,104,109
Казань,11,7,71,106,109
Казань,11,8,76,106,109
Казань,11,9,40,104,109
Казань,11,10,66,107,109
Казань,11,11,63,102,109
Казань,11,12,65,101,109
Краснодар,5,1,20,103,109
Краснодар,5,2,27,105,109
Краснодар,5,3,32,105,109
Краснодар,5,4,49,103,109
Краснодар,5,5,58,104,109
Краснодар,5,6,41,104,109
Краснодар,5,7,48,109,109
Краснодар,5,8,49,107,109
Краснодар,5,9,22,102,109
Краснодар,5,10,40,102,109
Краснодар,5,11,37,106,109
Краснодар,5,12,51,104,109
Краснодар,6,1,28,113,120
Краснодар,6,2,36,113,120
Краснодар,6,3,34,118,120
Краснодар,6,4,61,114,120
Краснодар,6,5,68,115,120
Краснодар,6,6,43,119,120
Краснодар,6,7,60,115,120
Краснодар,6,8,52,110,120
Краснодар,6,9,27,111,120
Краснодар,6,10,52,117,120
Краснодар,6,11,47,117,120
Краснодар,6,12,55,116,120
Краснодар,7,1,26,99,104
Краснодар,7,2,33,96,104
Краснодар,7,3,35,100,104
Краснодар,7,4,63,102,104
Краснодар,7,5,64,101,104
Краснодар,7,6,42,101,104
Краснодар,7,7,62,101,104
Краснодар,7,8,56,98,104
Краснодар,7,9,27,99,104
Краснодар,7,10,44,102,104
Краснодар,7,11,45,96,104
Краснодар,7,12,47,99,104
Краснодар,8,1,24,99,101
Краснодар,8,2,36,97,101
Краснодар,8,3,25,95,101
Краснодар,8,4,59,95,101
Краснодар,8,5,64,96,101
Краснодар,8,6,42,98,101
Краснодар,8,7,54,99,101
Краснодар,8,8,67,100,101
Краснодар,8,9,29,97,101
Краснодар,8,10,41,97,101
Краснодар,8,11,47,95,101
Краснодар,8,12,50,95,101
Краснодар,9,1,34,100,105
Краснодар,9,2,45,97,105
Краснодар,9,3,33,101,105
Краснодар,9,4,64,103,105
Краснодар,9,5,65,99,105
Краснодар,9,6,55,101,105
Краснодар,9,7,54,99,105
Краснодар,9,8,57,102,105
Краснодар,9,9,32,103,105
Краснодар,9,10,58,102,105
Краснодар,9,11,50,101,105
Краснодар,9,12,53,103,105
Краснодар,10,1,48,134,139
Краснодар,10,2,59,133,139
Краснодар,10,3,50,135,139
Краснодар,10,4,87,134,139
Краснодар,10,5,84,127,139
Краснодар,10,6,69,135,139
Краснодар,10,7,87,134,139
Краснодар,10,8,86,134,139
Краснодар,10,9,42,135,139
Краснодар,10,10,82,132,139
Краснодар,10,11,65,134,139
Краснодар,10,12,92,132,139
Краснодар,11,1,44,120,123
Краснодар,11,2,51,120,123
Краснодар,11,3,53,119,123
Краснодар,11,4,85,121,123
Краснодар,11,5,80,119,123
Краснодар,11,6,62,120,123
Краснодар,11,7,76,117,123
Краснодар,11,8,80,118,123
Краснодар,11,9,46,116,123
Краснодар,11,10,71,120,123
Краснодар,11,11,68,119,123
Краснодар,11,12,64,118,123
Москва,5,1,37,124,128
Москва,5,2,33,122,128
Москва,5,3,31,119,128
Москва,5,4,67,124,128
Москва,5,5,64,120,128
Москва,5,6,44,119,128
Москва,5,7,62,123,128
Москва,5,8,70,123,128
Москва,5,9,30,124,128
Москва,5,10,60,124,128
Москва,5,11,55,122,128
Москва,5,12,56,120,128
Москва,6,1,24,104,110
Москва,6,2,31,105,110
Москва,6,3,33,107,110
Москва,6,4,57,103,110
Москва,6,5,69,106,110
Москва,6,6,36,103,110
Москва,6,7,64,104,110
Москва,6,8,61,105,110
Москва,6,9,25,102,110
Москва,6,10,49,105,110
Москва,6,11,45,108,110
Москва,6,12,53,108,110
Москва,7,1,27,117,122
Москва,7,2,40,116,122
Москва,7,3,31,114,122
Москва,7,4,58,120,122
Москва,7,5,73,120,122
Москва,7,6,53,118,122
Москва,7,7,65,118,122
Москва,7,8,74,119,122
Москва,7,9,34,117,122
Москва,7,10,63,118,122
Москва,7,11,51,117,122
Москва,7,12,68,119,122
Москва,8,1,30,108,115
Москва,8,2,42,111,115
Москва,8,3,44,109,115
Москва,8,4,65,109,115
Москва,8,5,69,111,115
Москва,8,6,52,112,115
Москва,8,7,72,107,115
Москва,8,8,65,110,115
Москва,8,9,47,108,115
Москва,8,10,65,114,115
Москва,8,11,55,109,115
Москва,8,12,64,109,115
Москва,9,1,44,130,134
Москва,9,2,54,129,134
Москва,9,3,40,124,134
Москва,9,4,89,131,134
Москва,9,5,94,127,134
Москва,9,6,58,129,134
Москва,9,7,81,127,134
Москва,9,8,81,126,134
Москва,9,9,49,126,134
Москва,9,10,77,129,134
Москва,9,11,71,128,134
Москва,9,12,73,127,134
Москва,10,1,40,103,107
Москва,10,2,45,102,107
Москва,10,3,41,101,107
Москва,10,4,64,104,107
Москва,10,5,74,104,107
Москва,10,6,46,101,107
Москва,10,7,72,102,107
Москва,10,8,66,104,107
Москва,10,9,48,100,107
Москва,10,10,63,103,107
Москва,10,11,56,103,107
Москва,10,12,64,103,107
Москва,11,1,38,104,108
Москва,11,2,51,102,108
Москва,11,3,47,106,108
Москва,11,4,62,102,108
Москва,11,5,76,106,108
Москва,11,6,58,100,108
Москва,11,7,76,103,108
Москва,11,8,66,103,108
Москва,11,9,49,104,108
Москва,11,10,57,104,108
Москва,11,11,57,103,108
Москва,11,12,70,105,108
Новосибирск,5,1,28,98,99
Новосибирск,5,2,28,95,99
Новосибирск,5,3,20,95,99
Новосибирск,5,4,43,97,99
Новосибирск,5,5,50,97,99
Новосибирск,5,6,32,95,99
Новосибирск,5,7,43,98,99
Новосибирск,5,8,52,97,99
Новосибирск,5,9,18,94,99
Новосибирск,5,10,40,92,99
Новосибирск,5,11,38,96,99
Новосибирск,5,12,44,96,99
Новосибирск,6,1,22,107,113
Новосибирск,6,2,41,108,113
Новосибирск,6,3,28,106,113
Новосибирск,6,4,60,107,113
Новосибирск,6,5,67,110,113
Новосибирск,6,6,52,109,113
Новосибирск,6,7,62,111,113
Новосибирск,6,8,58,109,113
Новосибирск,6,9,34,104,113
Новосибирск,6,10,59,111,113
Новосибирск,6,11,54,109,113
Новосибирск,6,12,62,110,113
Новосибирск,7,1,30,96,102
Новосибирск,7,2,38,100,102
Новосибирск,7,3,40,96,102
Новосибирск,7,4,60,98,102
Новосибирск,7,5,59,93,102
Новосибирск,7,6,41,96,102
Новосибирск,7,7,56,96,102
Новосибирск,7,8,53,98,102
Новосибирск,7,9,35,96,102
Новосибирск,7,10,59,99,102
Новосибирск,7,11,39,98,102
Новосибирск,7,12,56,97,102
Новосибирск,8,1,36,102,108
Новосибирск,8,2,33,101,108
Новосибирск,8,3,34,107,108
Новосибирск,8,4,64,106,108
Новосибирск,8,5,65,105,108
Новосибирск,8,6,44,104,108
Новосибирск,8,7,60,99,108
Новосибирск,8,8,64,107,108
Новосибирск,8,9,28,102,108
Новосибирск,8,10,53,106,108
Новосибирск,8,11,50,105,108
Новосибирск,8,12,64,104,108
Новосибирск,9,1,38,115,116
Новосибирск,9,2,41,104,116
Новосибирск,9,3,48,113,116
Новосибирск,9,4,72,114,116
Новосибирск,9,5,75,111,116
Новосибирск,9,6,56,112,116
Новосибирск,9,7,66,112,116
Новосибирск,9,8,74,110,116
Новосибирск,9,9,44,112,116
Новосибирск,9,10,58,112,116
Новосибирск,9,11,56,114,116
Новосибирск,9,12,66,106,116
Новосибирск,10,1,47,116,120
Новосибирск,10,2,53,116,120
Новосибирск,10,3,53,118,120
Новосибирск,10,4,71,116,120
Новосибирск,10,5,82,116,120
Новосибирск,10,6,62,115,120
Новосибирск,10,7,74,115,120
Новосибирск,10,8,77,114,120
Новосибирск,10,9,39,112,120
Новосибирск,10,10,62,112,120
Новосибирск,10,11,58,112,120
Новосибирск,10,12,77,119,120
Новосибирск,11,1,49,118,119
Новосибирск,11,2,53,111,119
Новосибирск,11,3,52,118,119
Новосибирск,11,4,84,114,119
Новосибирск,11,5,86,115,119
Новосибирск,11,6,73,114,119
Новосибирск,11,7,76,112,119
Новосибирск,11,8,79,113,119
Новосибирск,11,9,46,117,119
Новосибирск,11,10,73,113,119
Новосибирск,11,11,60,117,119
Новосибирск,11,12,80,112,119
Пермь,5,1,20,111,114
Пермь,5,2,38,108,114
Пермь,5,3,26,109,114
Пермь,5,4,56,108,114
Пермь,5,5,56,107,114
Пермь,5,6,44,112,114
Пермь,5,7,53,111,114
Пермь,5,8,50,107,114
Пермь,5,9,24,108,114
Пермь,5,10,51,109,114
Пермь,5,11,38,109,114
Пермь,5,12,58,110,114
Пермь,6,1,26,103,106
Пермь,6,2,36,103,106
Пермь,6,3,35,106,106
Пермь,6,4,50,101,106
Пермь,6,5,58,103,106
Пермь,6,6,40,101,106
Пермь,6,7,53,102,106
Пермь,6,8,58,103,106
Пермь,6,9,24,105,106
Пермь,6,10,46,102,106
Пермь,6,11,46,102,106
Пермь,6,12,50,100,106
Пермь,7,1,28,122,127
Пермь,7,2,44,125,127
Пермь,7,3,34,117,127
Пермь,7,4,62,122,127
Пермь,7,5,67,119,127
Пермь,7,6,47,124,127
Пермь,7,7,57,120,127
Пермь,7,8,54,120,127
Пермь,7,9,38,121,127
Пермь,7,10,70,121,127
Пермь,7,11,41,126,127
Пермь,7,12,62,124,127
Пермь,8,1,24,89,92
Пермь,8,2,30,87,92
Пермь,8,3,29,88,92
Пермь,8,4,59,90,92
Пермь,8,5,54,88,92
Пермь,8,6,39,90,92
Пермь,8,7,56,86,92
Пермь,8,8,47,89,92
Пермь,8,9,30,89,92
Пермь,8,10,50,87,92
Пермь,8,11,40,89,92
Пермь,8,12,54,90,92
Пермь,9,1,21,90,97
Пермь,9,2,39,95,97
Пермь,9,3,34,95,97
Пермь,9,4,60,94,97
Пермь,9,5,63,95,97
Пермь,9,6,35,94,97
Пермь,9,7,59,94,97
Пермь,9,8,59,92,97
Пермь,9,9,34,91,97
Пермь,9,10,47,91,97
Пермь,9,11,42,93,97
Пермь,9,12,57,94,97
Пермь,10,1,31,95,99
Пермь,10,2,38,99,99
Пермь,10,3,34,96,99
Пермь,10,4,54,93,99
Пермь,10,5,67,95,99
Пермь,10,6,47,96,99
Пермь,10,7,51,96,99
Пермь,10,8,67,95,99
Пермь,10,9,41,93,99
Пермь,10,10,54,96,99
Пермь,10,11,48,94,99
Пермь,10,12,54,93,99
Пермь,11,1,37,115,122
Пермь,11,2,55,119,122
Пермь,11,3,47,119,122
Пермь,11,4,88,117,122
Пермь,11,5,90,119,122
Пермь,11,6,57,114,122
Пермь,11,7,75,119,122
Пермь,11,8,75,117,122
Пермь,11,9,52,120,122
Пермь,11,10,60,114,122
Пермь,11,11,72,118,122
Пермь,11,12,74,116,122
Ростов-на-Дону,5,1,13,92,98
Ростов-на-Дону,5,2,29,95,98
Ростов-на-Дону,5,3,25,95,98
Ростов-на-Дону,5,4,41,96,98
Ростов-на-Дону,5,5,50,95,98
Ростов-на-Дону,5,6,42,95,98
Ростов-на-Дону,5,7,42,97,98
Ростов-на-Дону,5,8,41,93,98
Ростов-на-Дону,5,9,18,94,98
Ростов-на-Дону,5,10,37,91,98
Ростов-на-Дону,5,11,32,95,98
Ростов-на-Дону,5,12,48,94,98
Ростов-на-Дону,6,1,19,94,98
Ростов-на-Дону,6,2,22,91,98
Ростов-на-Дону,6,3,24,94,98
Ростов-на-Дону,6,4,57,94,98
Ростов-на-Дону,6,5,48,92,98
Ростов-на-Дону,6,6,37,95,98
Ростов-на-Дону,6,7,51,94,98
Ростов-на-Дону,6,8,51,95,98
Ростов-на-Дону,6,9,16,93,98
Ростов-на-Дону,6,10,46,94,98
Ростов-на-Дону,6,11,39,98,98
Ростов-на-Дону,6,12,47,95,98
Ростов-на-Дону,7,1,40,124,131
Ростов-на-Дону,7,2,39,124,131
Ростов-на-Дону,7,3,43,124,131
Ростов-на-Дону,7,4,72,126,131
Ростов-на-Дону,7,5,86,130,131
Ростов-на-Дону,7,6,67,125,131
Ростов-на-Дону,7,7,69,123,131
Ростов-на-Дону,7,8,73,125,131
Ростов-на-Дону,7,9,39,127,131
Ростов-на-Дону,7,10,65,124,131
Ростов-на-Дону,7,11,62,126,131
Ростов-на-Дону,7,12,78,124,131
Ростов-на-Дону,8,1,38,127,132
Ростов-на-Дону,8,2,54,125,132
Ростов-на-Дону,8,3,39,129,132
Ростов-на-Дону,8,4,69,129,132
Ростов-на-Дону,8,5,79,129,132
Ростов-на-Дону,8,6,56,125,132
Ростов-на-Дону,8,7,73,129,132
Ростов-на-Дону,8,8,78,124,132
Ростов-на-Дону,8,9,40,130,132
Ростов-на-Дону,8,10,63,127,132
Ростов-на-Дону,8,11,52,124,132
Ростов-на-Дону,8,12,68,122,132
Ростов-на-Дону,9,1,33,93,99
Ростов-на-Дону,9,2,32,92,99
Ростов-на-Дону,9,3,29,95,99
Ростов-на-Дону,9,4,60,96,99
Ростов-на-Дону,9,5,58,95,99
Ростов-на-Дону,9,6,37,93,99
Ростов-на-Дону,9,7,58,95,99
Ростов-на-Дону,9,8,54,94,99
Ростов-на-Дону,9,9,33,97,99
Ростов-на-Дону,9,10,52,99,99
Ростов-на-Дону,9,11,48,96,99
Ростов-на-Дону,9,12,63,95,99
Ростов-на-Дону,10,1,37,110,114
Ростов-на-Дону,10,2,47,111,114
Ростов-на-Дону,10,3,43,107,114
Ростов-на-Дону,10,4,76,110,114
Ростов-на-Дону,10,5,82,112,114
Ростов-на-Дону,10,6,60,109,114
Ростов-на-Дону,10,7,73,110,114
Ростов-на-Дону,10,8,80,109,114
Ростов-на-Дону,10,9,39,111,114
Ростов-на-Дону,10,10,62,110,114
Ростов-на-Дону,10,11,58,109,114
Ростов-на-Дону,10,12,66,110,114
Ростов-на-Дону,11,1,57,112,115
Ростов-на-Дону,11,2,45,109,115
Ростов-на-Дону,11,3,52,113,115
Ростов-на-Дону,11,4,82,109,115
Ростов-на-Дону,11,5,84,107,115
Ростов-на-Дону,11,6,61,112,115
Ростов-на-Дону,11,7,75,111,115
Ростов-на-Дону,11,8,81,112,115
Ростов-на-Дону,11,9,53,114,115
Ростов-на-Дону,11,10,75,114,115
Ростов-на-Дону,11,11,61,112,115
Ростов-на-Дону,11,12,82,111,115
Санкт-Петербург,5,1,19,90,95
Санкт-Петербург,5,2,32,91,95
Санкт-Петербург,5,3,22,94,95
Санкт-Петербург,5,4,43,92,95
Санкт-Петербург,5,5,48,92,95
Санкт-Петербург,5,6,31,89,95
Санкт-Петербург,5,7,47,93,95
Санкт-Петербург,5,8,45,91,95
Санкт-Петербург,5,9,18,93,95
Санкт-Петербург,5,10,39,91,95
Санкт-Петербург,5,11,28,89,95
Санкт-Петербург,5,12,41,92,95
Санкт-Петербург,6,1,32,133,138
Санкт-Петербург,6,2,47,135,138
Санкт-Петербург,6,3,38,136,138
Санкт-Петербург,6,4,69,131,138
Санкт-Петербург,6,5,69,132,138
Санкт-Петербург,6,6,52,132,138
Санкт-Петербург,6,7,66,136,138
Санкт-Петербург,6,8,77,136,138
Санкт-Петербург,6,9,38,133,138
Санкт-Петербург,6,10,64,133,138
Санкт-Петербург,6,11,57,134,138
Санкт-Петербург,6,12,68,132,138
Санкт-Петербург,7,1,41,106,110
Санкт-Петербург,7,2,33,107,110
Санкт-Петербург,7,3,34,103,110
Санкт-Петербург,7,4,61,103,110
Санкт-Петербург,7,5,66,105,110
Санкт-Петербург,7,6,45,103,110
Санкт-Петербург,7,7,62,107,110
Санкт-Петербург,7,8,65,104,110
Санкт-Петербург,7,9,35,107,110
Санкт-Петербург,7,10,69,106,110
Санкт-Петербург,7,11,46,109,110
Санкт-Петербург,7,12,61,108,110
Санкт-Петербург,8,1,21,114,118
Санкт-Петербург,8,2,42,110,118
Санкт-Петербург,8,3,33,115,118
Санкт-Петербург,8,4,79,115,118
Санкт-Петербург,8,5,71,114,118
Санкт-Петербург,8,6,50,116,118
Санкт-Петербург,8,7,65,113,118
Санкт-Петербург,8,8,75,114,118
Санкт-Петербург,8,9,37,115,118
Санкт-Петербург,8,10,54,117,118
Санкт-Петербург,8,11,58,115,118
Санкт-Петербург,8,12,68,113,118
Санкт-Петербург,9,1,31,98,101
Санкт-Петербург,9,2,39,95,101
Санкт-Петербург,9,3,29,95,101
Санкт-Петербург,9,4,62,98,101
Санкт-Петербург,9,5,67,93,101
Санкт-Петербург,9,6,54,94,101
Санкт-Петербург,9,7,59,100,101
Санкт-Петербург,9,8,65,99,101
Санкт-Петербург,9,9,30,98,101
Санкт-Петербург,9,10,57,98,101
Санкт-Петербург,9,11,45,100,101
Санкт-Петербург,9,12,56,96,101
Санкт-Петербург,10,1,51,120,126
Санкт-Петербург,10,2,47,121,126
Санкт-Петербург,10,3,46,123,126
Санкт-Петербург,10,4,83,124,126
Санкт-Петербург,10,5,90,126,126
Санкт-Петербург,10,6,59,122,126
Санкт-Петербург,10,7,81,122,126
Санкт-Петербург,10,8,75,119,126
Санкт-Петербург,10,9,51,125,126
Санкт-Петербург,10,10,71,122,126
Санкт-Петербург,10,11,56,120,126
Санкт-Петербург,10,12,83,121,126
Санкт-Петербург,11,1,32,106,108
Санкт-Петербург,11,2,44,106,108
Санкт-Петербург,11,3,43,102,108
Санкт-Петербург,11,4,65,102,108
Санкт-Петербург,11,5,74,104,108
Санкт-Петербург,11,6,58,100,108
Санкт-Петербург,11,7,68,100,108
Санкт-Петербург,11,8,76,106,108
Санкт-Петербург,11,9,41,107,108
Санкт-Петербург,11,10,68,104,108
Санкт-Петербург,11,11,56,102,108
Санкт-Петербург,11,12,70,107,108
Уфа,5,1,24,118,125
Уфа,5,2,34,117,125
Уфа,5,3,31,118,125
Уфа,5,4,58,118,125
Уфа,5,5,69,122,125
Уфа,5,6,50,119,125
Уфа,5,7,63,121,125
Уфа,5,8,60,121,125
Уфа,5,9,31,114,125
Уфа,5,10,52,120,125
Уфа,5,11,47,119,125
Уфа,5,12,50,119,125
Уфа,6,1,27,119,121
Уфа,6,2,38,118,121
Уфа,6,3,27,114,121
Уфа,6,4,62,117,121
Уфа,6,5,65,117,121
Уфа,6,6,42,113,121
Уфа,6,7,57,114,121
Уфа,6,8,56,115,121
Уфа,6,9,33,116,121
Уфа,6,10,52,117,121
Уфа,6,11,47,114,121
Уфа,6,12,53,119,121
Уфа,7,1,41,126,128
Уфа,7,2,38,126,128
Уфа,7,3,37,124,128
Уфа,7,4,74,123,128
Уфа,7,5,78,127,128
Уфа,7,6,50,122,128
Уфа,7,7,66,123,128
Уфа,7,8,72,123,128
Уфа,7,9,38,121,128
Уфа,7,10,55,122,128
Уфа,7,11,48,122,128
Уфа,7,12,77,126,128
Уфа,8,1,30,97,100
Уфа,8,2,35,96,100
Уфа,8,3,29,97,100
Уфа,8,4,53,96,100
Уфа,8,5,67,96,100
Уфа,8,6,36,99,100
Уфа,8,7,54,99,100
Уфа,8,8,57,95,100
Уфа,8,9,21,99,100
Уфа,8,10,37,94,100
Уфа,8,11,47,100,100
Уфа,8,12,50,96,100
Уфа,9,1,40,109,112
Уфа,9,2,42,107,112
Уфа,9,3,28,100,112
Уфа,9,4,63,110,112
Уфа,9,5,78,110,112
Уфа,9,6,54,109,112
Уфа,9,7,74,108,112
Уфа,9,8,74,108,112
Уфа,9,9,37,108,112
Уфа,9,10,58,104,112
Уфа,9,11,58,108,112
Уфа,9,12,63,107,112
Уфа,10,1,45,116,124
Уфа,10,2,52,115,124
Уфа,10,3,49,120,124
Уфа,10,4,78,121,124
Уфа,10,5,77,118,124
Уфа,10,6,55,122,124
Уфа,10,7,81,118,124
Уфа,10,8,72,119,124
Уфа,10,9,40,119,124
Уфа,10,10,76,118,124
Уфа,10,11,66,118,124
Уфа,10,12,83,120,124
Уфа,11,1,52,126,128
Уфа,11,2,64,125,128
Уфа,11,3,49,123,128
Уфа,11,4,85,120,128
Уфа,11,5,86,126,128
Уфа,11,6,69,122,128
Уфа,11,7,75,125,128
Уфа,11,8,78,124,128
Уфа,11,9,43,124,128
Уфа,11,10,77,123,128
Уфа,11,11,73,127,128
Уфа,11,12,89,126,128
