Столбец,Описание
student_id,Уникальный идентификатор ученика
region,Регион школы ученика (содержит опечатки и разные написания одного региона)
school_number,Номер школы внутри региона
grade,Класс ученика (5-11)
start_time,Время начала прохождения олимпиады
end_time,Время окончания прохождения олимпиады
Task_N_answer,Выбранный вариант ответа на задание N (1-4)
Task_N_correct,"Признак правильности ответа на задание N (1 - верно, 0 - неверно, NaN - пропущено)"
Task_N_time_spent,"Время, затраченное на задание N, в секундах"
total_score,"Итоговый балл за олимпиаду (в части строк тип данных - строка, а не число)"
device_type,Тип устройства прохождения (desktop/mobile/tablet)
attempts_count,Количество попыток входа в сессию
disconnects,Количество разрывов соединения во время прохождения

